name,category,suburb,address,instagram
AH-SAI-YEE (James Place),Inner city,Adelaide,"Shop 5/14 James Pl, Adelaide SA 5000",ah.sai.yee
AH-SAI-YEE Express Marion Shopping Centre,in the burbs,Oaklands Park,"Marion Shopping Centre, Oaklands Park SA 5046",ah.sai.yee
Abbots & Kinney City,Inner city,Adelaide,"78 Pirie St, Adelaide SA 5000",abbotsandkinney
Abbots & Kinney Croydon,in the burbs,Croydon,"78 Pirie St, Adelaide SA 5000",abbotsandkinney
Agatha's Cafe,Destinational,Port Noarlunga,1 Gawler St - Port Noarlunga SA 5167 SA,agathasatportnoarlunga
Anto's Deli,in the burbs,Colonel Light Gardens,"1/503 Goodwood Rd, Colonel Light Gardens SA 5041",antosdeli
Black Bird Coffee House,Destinational,Tanunda,"117A Murray St, Tanunda SA 5352",blackbirdcoffeehouse_
Boston Bean Coffee Company,Destinational,Port Lincoln,"122 Mortlock Terrace, Port Lincoln SA 5606",bostonbeancoffee
Cafe Troppo,Inner city,Adelaide,"42 Whitmore Square, Adelaide SA 5000",cafe_troppo
Comida Catering Co.,Adelaide hills,Hahndorf,"100 Mount Barker Rd, Hahndorf SA 5245",comida_hahndorf
Dante's Deli,in the burbs,Glenelg,"3/58 Jetty Rd, Glenelg SA 5045",dantesdeli
Deja Brew,Inner city,Adelaide,"Shop 3/108 King William St, Adelaide SA 5000",dejabrewspecialtycoffee
Elementary Coffee,Inner city,Adelaide,"9-17 Young St, Adelaide SA 5000",elementary_coffee
Elementary Coffee,in the burbs,Torrensville,"2 Jervois St, Torrensville SA 5031",elementary_coffee
Evergreen Deli,Destinational,Botanic Gardens,Schomburgk Pavillion Adelaide Botanic Garden - Adelaide SA 5000,evergreen_adl
Fleur Social,Destinational,Nuriootpa,"55C Murray Street, Nuriootpa SA 5355",fleursocial
Flinders Food Co.,Destinational,Hawker,"66 Elder Terrace, Hawker SA 5434 (Flinders Ranges)",flindersfoodco
Foodland Supermarket,in the burbs,Norwood,"161-169 The Parade, Norwood SA 5067",norwoodfoodland
Frankie & The Grocer,in the burbs,St Agnes,"471B North East Road, St Agnes SA 5097",frankieandthegrocer
Frankly Coffee & Bagels,in the burbs,Norwood,"60 Belford Ave, Norwood SA 5067",franklycoffeeandbagels
Friends with Florence,in the burbs,Melrose Park,"3 Wheaton Rd, Melrose Park SA 5039",friendswithflorence
GD Wholesalers,in the burbs,Hawthorndene,"22 Suffolk Rd, Hawthorndene SA 5051",gdwholesalers
Gabagool,in the burbs,Flinders Park,"170 Grange Rd, Flinders Park SA 5025",gabagool_adl
Goodness Coffee Co,Destinational,Aldinga,"24 Old Coach Rd, Aldinga SA 5173",goodness_coffeeco
He Said She Said,in the burbs,Hyde Park,"173 King William Rd, Hyde Park SA 5061",hesaidshesaid
Heart and Whole,in the burbs,Port Noarlunga,"Shop 4/7-9 Gawler St, Port Noarlunga SA 5167",heartandwholebulkfoods
House of Health,in the burbs,Norwood,"49 George St, Norwood SA 5067",houseofhealthcollective
Koffee Ink,Destinational,Adelaide Oval,War Memorial Dr North Adelaide SA 5006,adelaideoval
Let Them Eat,in the burbs,Norwood,"tenancy 29/161 The Parade, Norwood SA 5067",let.themeat
Long Shot & Co,Destinational,Old Noarlunga,50 Patapinda Rd - Old Noarlunga SA 5168,longshotandco
Lot 50,Destinational,Yankalilla,94 Main S Rd - Yankalilla SA 5203,lot50yankalilla5203
Meli on Hutt,Inner city,Adelaide,"Shop 1/242 Hutt St, Adelaide SA 5000",meli.onhutt
Mio Piatto,in the burbs,Woodville Park,"22 Belmore Terrace, Woodville Park SA 5011",miopiatto
Nest Kiosk,Destinational,Kingston Park,4 Burnham Rd - Kingston Park SA 5049,nestkiosk.kingstonpark
Our Boy Roy,in the burbs,Clarence Park,"114 East Ave, Clarence Park SA 5034",ourboyroy
Outback Bar & Grill,Destinational,Coober Pedy,454 Hutchison St - Coober Pedy SA 5723,outbackbarandgrill
Over the Edge,Destinational,Melrose,4 Stuart St - Melrose SA 5483 (Flinders Ranges),overtheedgemelrose
Paytons,in the burbs,Hawthorn,"130 Belair Rd, Hawthorn SA 5062",paytons
Plant 4,in the burbs,Bowden,"5 Third St, Bowden SA 5007",plant4bowden
Pogo Coffee Roasters,Inner city,Adelaide,"82 Ifould St, Adelaide SA 5000",pogocoffee
Pom Pom,in the burbs,Forestville,"58 Maple Ave, Forestville SA 5035",pompomavenue
Pony and Cole,in the burbs,Hindmarsh,"6 Manton St, Hindmarsh SA 5007",ponyandcole
Raw Bull Wholefoods,Destinational,Victor Harbor,13 Coral St - Victor Harbor SA 5211,rawbulkwholefoods
Ray's by Out in the Paddock,in the burbs,Glenside,"447 Portrush Rd, Glenside SA 5065",raysbyoitp
Refillery,Inner city,Adelaide,"179 Rundle St, Adelaide SA 5000",refilleryrundlestreet
Rodeo,in the burbs,Norwood,"224 The Parade, Norwood SA 5067",rodeo.adl
Rozelle's,in the burbs,Springfield,"46 Carrick Hill Dr, Springfield SA 5062",rozellesadl
Rydges Hotel,Inner city,Adelaide,"1 South Tce, Adelaide SA 5000",
Summertown Studio,in the burbs,Somerton Park,"13 Paringa Ave, Somerton Park SA 5044",summertownstudio
Taste of Paradise,in the burbs,Hackam,"109 Penneys Hill Rd, Hackham SA 5163",tasteofparadisesa
The Banksia Tree,in the burbs,Port Adelaide,"147 St Vincent St, Port Adelaide SA 5015",thebanksiatree
The Bulk Cellar,Destinational,Aldinga,Unit A Lot 10/173 Port Rd - Aldinga SA 5173,thebulkcellar
The Gator Club,in the burbs,College Park,"33 Payneham Rd, College Park SA 5069",thegatorclub
The Local Canteen TLC,in the burbs,Henley Beach,"32 Main St, Henley Beach SA 5022",thelocalcanteen
The Nook - Aleenta Health Club,in the burbs,Mawson Lakes,"Shop 5-6/1-3 Metro Parade, Mawson Lakes SA 5095",aleentabarre
The Nourish'd Kitchen Cafe,in the burbs,Stepney,"3 Ann St, Stepney SA 5069",thenourishdkitchen
The Organic Market and Cafe,Adelaide hills,Stirling,"5 Druid Ave, Stirling SA 5152",theorganicmarketandcafe
The Seller Door,Destinational,Brighton,73 Jetty Rd - Brighton SA 5048,thesellerdoor_brighton
The Simple Market,in the burbs,Mile End,"44 Henley Beach Rd, Mile End SA 5031",thesimplemarket
The Vault,Adelaide hills,Strathalbyn,"39 Commercial Rd, Strathalbyn SA 5255",thevaultstrathalbyn
Three of Cups Teahouse,Inner city,Adelaide,"Myer Centre, Level 2 Rundle Mall, Adelaide SA 5000",threeofcupteahouse
Utopia @ Waterfall Gully,in the burbs,Waterfall Gully,"170 Waterfall Gully Rd, Waterfall Gully SA 5066",utopiawaterfallgully
Whistle and Flute,in the burbs,Unley,"136 Greenhill Rd, Unley SA 5061",whistleandflute
Wild Flower Willunga,Destinational,Willunga,44 High St - Willunga SA 5172,wildflour_willunga
Yore Cafe,Destinational,Myponga,46 Main S Rd - Myponga SA 5202,yore.myponga
